title,genres,description
Pulp Fiction 0,"Crime, Thriller",A mob family rises to power in New York.
Avengers: Endgame 1,"Action, Drama",A superhero battles against evil in a chaotic city.
The Shawshank Redemption 2,"Crime, Thriller",A thief steals corporate secrets using dreams.
Joker 3,"Animation, Family",A soldier finds himself on a distant alien planet.
Pulp Fiction 4,"Comedy, Drama",A soldier finds himself on a distant alien planet.
The Godfather 5,"Adventure, Fantasy",A hacker discovers the truth about his world.
The Matrix 6,"Action, Drama",A thief steals corporate secrets using dreams.
Gladiator 7,"Sci-Fi, Thriller",A gladiator seeks revenge in ancient Rome.
The Godfather 8,"Action, Drama",Two people fall in love aboard a doomed ship.
Pulp Fiction 9,"Action, Adventure",A gladiator seeks revenge in ancient Rome.
Pulp Fiction 10,"Action, Adventure",A young lion returns to reclaim his kingdom.
The Lord of the Rings 11,"Drama, Romance",A thief steals corporate secrets using dreams.
Avatar 12,"Crime, Thriller",A young lion returns to reclaim his kingdom.
Pulp Fiction 13,"Action, Adventure",A superhero battles against evil in a chaotic city.
The Shawshank Redemption 14,"Sci-Fi, Thriller",A man narrates his extraordinary life story.
Avengers: Endgame 15,"Sci-Fi, Thriller",A gladiator seeks revenge in ancient Rome.
Avatar 16,"Comedy, Drama",A man narrates his extraordinary life story.
The Wolf of Wall Street 17,"Animation, Family",A thief steals corporate secrets using dreams.
The Matrix 18,"Action, Sci-Fi",A genius builds a powerful armored suit.
The Wolf of Wall Street 19,"Comedy, Drama",A soldier finds himself on a distant alien planet.
Titanic 20,"Action, Sci-Fi",Two people fall in love aboard a doomed ship.
The Lord of the Rings 21,"Sci-Fi, Thriller",A mob family rises to power in New York.
Gladiator 22,"Sci-Fi, Thriller",A superhero battles against evil in a chaotic city.
The Wolf of Wall Street 23,"Animation, Family",A mob family rises to power in New York.
Gladiator 24,"Biography, Drama",A mob family rises to power in New York.
Avatar 25,"Action, Adventure",A man narrates his extraordinary life story.
Pulp Fiction 26,"Comedy, Drama",A thief steals corporate secrets using dreams.
The Social Network 27,"Action, Drama",Two people fall in love aboard a doomed ship.
The Dark Knight 28,"Sci-Fi, Thriller",A mob family rises to power in New York.
The Social Network 29,"Biography, Drama",A gladiator seeks revenge in ancient Rome.
Gladiator 30,"Animation, Family",A mob family rises to power in New York.
Avatar 31,"Comedy, Drama",A mob family rises to power in New York.
Forrest Gump 32,"Comedy, Drama",A soldier finds himself on a distant alien planet.
The Matrix 33,"Animation, Family",A young lion returns to reclaim his kingdom.
Frozen 34,"Action, Sci-Fi",A thief steals corporate secrets using dreams.
Forrest Gump 35,"Sci-Fi, Thriller",A superhero battles against evil in a chaotic city.
Inception 36,"Action, Adventure",A genius builds a powerful armored suit.
Black Panther 37,"Comedy, Drama",A gladiator seeks revenge in ancient Rome.
Iron Man 38,"Adventure, Fantasy",A hacker discovers the truth about his world.
The Social Network 39,"Action, Sci-Fi",A superhero battles against evil in a chaotic city.
Iron Man 40,"Sci-Fi, Thriller",Two people fall in love aboard a doomed ship.
The Wolf of Wall Street 41,"Action, Sci-Fi",A superhero battles against evil in a chaotic city.
The Matrix 42,"Animation, Family",Two people fall in love aboard a doomed ship.
Joker 43,"Action, Sci-Fi",A gladiator seeks revenge in ancient Rome.
Forrest Gump 44,"Crime, Thriller",A soldier finds himself on a distant alien planet.
The Social Network 45,"Drama, Romance",A man narrates his extraordinary life story.
Gladiator 46,"Action, Sci-Fi",A soldier finds himself on a distant alien planet.
Black Panther 47,"Crime, Thriller",A mob family rises to power in New York.
Avatar 48,"Action, Sci-Fi",A soldier finds himself on a distant alien planet.
Black Panther 49,"Action, Adventure",A mob family rises to power in New York.
Titanic 50,"Biography, Drama",A young lion returns to reclaim his kingdom.
Avengers: Endgame 51,"Action, Sci-Fi",A mob family rises to power in New York.
The Social Network 52,"Action, Sci-Fi",A gladiator seeks revenge in ancient Rome.
The Lord of the Rings 53,"Adventure, Fantasy",A young lion returns to reclaim his kingdom.
Avengers: Endgame 54,"Comedy, Drama",A mob family rises to power in New York.
Iron Man 55,"Drama, Romance",A superhero battles against evil in a chaotic city.
Pulp Fiction 56,"Animation, Family",A genius builds a powerful armored suit.
The Wolf of Wall Street 57,"Comedy, Drama",A soldier finds himself on a distant alien planet.
The Shawshank Redemption 58,"Drama, Romance",A mob family rises to power in New York.
The Shawshank Redemption 59,"Crime, Thriller",A gladiator seeks revenge in ancient Rome.
Joker 60,"Comedy, Drama",A genius builds a powerful armored suit.
Titanic 61,"Action, Drama",A superhero battles against evil in a chaotic city.
Joker 62,"Action, Drama",A young lion returns to reclaim his kingdom.
The Dark Knight 63,"Action, Sci-Fi",A superhero battles against evil in a chaotic city.
Avengers: Endgame 64,"Drama, Romance",A young lion returns to reclaim his kingdom.
The Wolf of Wall Street 65,"Animation, Family",Two people fall in love aboard a doomed ship.
Iron Man 66,"Crime, Thriller",A soldier finds himself on a distant alien planet.
The Matrix 67,"Sci-Fi, Thriller",A gladiator seeks revenge in ancient Rome.
Joker 68,"Animation, Family",A gladiator seeks revenge in ancient Rome.
The Shawshank Redemption 69,"Drama, Romance",Two people fall in love aboard a doomed ship.
Black Panther 70,"Action, Drama",Two people fall in love aboard a doomed ship.
The Social Network 71,"Comedy, Drama",A genius builds a powerful armored suit.
Inception 72,"Comedy, Drama",A superhero battles against evil in a chaotic city.
Interstellar 73,"Biography, Drama",Two people fall in love aboard a doomed ship.
Black Panther 74,"Biography, Drama",A genius builds a powerful armored suit.
Interstellar 75,"Animation, Family",A man narrates his extraordinary life story.
Gladiator 76,"Action, Adventure",A superhero battles against evil in a chaotic city.
Gladiator 77,"Action, Sci-Fi",A young lion returns to reclaim his kingdom.
Avatar 78,"Crime, Thriller",A thief steals corporate secrets using dreams.
The Godfather 79,"Crime, Thriller",A soldier finds himself on a distant alien planet.
Frozen 80,"Drama, Romance",A young lion returns to reclaim his kingdom.
Iron Man 81,"Action, Adventure",Two people fall in love aboard a doomed ship.
Forrest Gump 82,"Action, Adventure",A hacker discovers the truth about his world.
Frozen 83,"Action, Drama",A young lion returns to reclaim his kingdom.
The Lion King 84,"Action, Adventure",A young lion returns to reclaim his kingdom.
Avengers: Endgame 85,"Crime, Thriller",A hacker discovers the truth about his world.
The Godfather 86,"Action, Adventure",Two people fall in love aboard a doomed ship.
The Matrix 87,"Crime, Thriller",A soldier finds himself on a distant alien planet.
The Dark Knight 88,"Biography, Drama",A mob family rises to power in New York.
The Wolf of Wall Street 89,"Animation, Family",A gladiator seeks revenge in ancient Rome.
Pulp Fiction 90,"Animation, Family",A mob family rises to power in New York.
The Wolf of Wall Street 91,"Drama, Romance",A thief steals corporate secrets using dreams.
The Wolf of Wall Street 92,"Action, Drama",Two people fall in love aboard a doomed ship.
Interstellar 93,"Crime, Thriller",A superhero battles against evil in a chaotic city.
Pulp Fiction 94,"Crime, Thriller",A superhero battles against evil in a chaotic city.
The Shawshank Redemption 95,"Comedy, Drama",A man narrates his extraordinary life story.
Inception 96,"Action, Sci-Fi",A young lion returns to reclaim his kingdom.
Titanic 97,"Animation, Family",A man narrates his extraordinary life story.
Titanic 98,"Sci-Fi, Thriller",A man narrates his extraordinary life story.
The Godfather 99,"Drama, Romance",A mob family rises to power in New York.
